{
  "gizmos-infos": {
    "is2D": false,
    "is3DIcon": false,
    "iconSize": 2,
    "gridVisible": true,
    "gridColor": [
      150,
      150,
      150,
      255
    ],
    "isIconGizmo3D": false,
    "iconGizmoSize": 2,
    "isGridVisible": true
  },
  "camera-infos": {
    "f46876e4-e81b-4931-b493-6d367be385e7": {
      "position": {
        "x": 50,
        "y": 50,
        "z": 50
      },
      "rotation": {
        "x": -0.27984814233312133,
        "y": 0.3647051996310009,
        "z": 0.11591689595929514,
        "w": 0.8804762392171493
      },
      "viewCenter": {
        "x": 0,
        "y": 0,
        "z": 0
      }
    },
    "57c3b3c3-846e-4089-8a38-6025da0f261a": {
      "position": {
        "x": 45.818991152312286,
        "y": 532.9329913831831,
        "z": 1476.831898898267
      },
      "rotation": {
        "x": -0.16894355066982625,
        "y": 0.009621296548577072,
        "z": 0.0016492423809046628,
        "w": 0.985577387797923
      },
      "viewCenter": {
        "x": 16.76827386833894,
        "y": 7.329139403418738,
        "z": -10.961422364675375
      }
    },
    "4b1e0f1f-9cab-4446-a4c0-309afd006f39": {
      "position": {
        "x": 9,
        "y": 9,
        "z": 9
      },
      "rotation": {
        "x": -0.27984814233312133,
        "y": 0.3647051996310009,
        "z": 0.11591689595929514,
        "w": 0.8804762392171493
      },
      "viewCenter": {
        "x": 0,
        "y": 0,
        "z": 0
      }
    },
    "e971bef9-215d-4290-8fed-ef1c6ec56061": {
      "position": {
        "x": -0.9447497954404427,
        "y": -0.4145792175399402,
        "z": 23.143083791632716
      },
      "rotation": {
        "x": -0.02300608509703006,
        "y": 0.23741918159546482,
        "z": -0.0056262555528816,
        "w": -0.9711184742225412
      },
      "viewCenter": {
        "x": 3.160390169704099,
        "y": 0.007231997438290505,
        "z": 15.249243688681595
      }
    }
  },
  "camera-uuids": [
    "e971bef9-215d-4290-8fed-ef1c6ec56061"
  ],
  "float-window": {
    "position": {
      "cc": {
        "Camera": {
          "dock": false,
          "top": null,
          "bottom": 10,
          "left": null,
          "right": 10
        }
      }
    }
  }
}
