{
  "gizmos-infos": {
    "is2D": false,
    "is3DIcon": false,
    "iconSize": 2,
    "gridVisible": true,
    "gridColor": [
      150,
      150,
      150,
      255
    ],
    "isIconGizmo3D": false,
    "iconGizmoSize": 2,
    "isGridVisible": true
  },
  "camera-infos": {
    "f46876e4-e81b-4931-b493-6d367be385e7": {
      "position": {
        "x": 50,
        "y": 50,
        "z": 50
      },
      "rotation": {
        "x": -0.27984814233312133,
        "y": 0.3647051996310009,
        "z": 0.11591689595929514,
        "w": 0.8804762392171493
      },
      "viewCenter": {
        "x": 0,
        "y": 0,
        "z": 0
      }
    },
    "57c3b3c3-846e-4089-8a38-6025da0f261a": {
      "position": {
        "x": 45.818991152312286,
        "y": 532.9329913831831,
        "z": 1476.831898898267
      },
      "rotation": {
        "x": -0.16894355066982625,
        "y": 0.009621296548577072,
        "z": 0.0016492423809046628,
        "w": 0.985577387797923
      },
      "viewCenter": {
        "x": 16.76827386833894,
        "y": 7.329139403418738,
        "z": -10.961422364675375
      }
    },
    "4b1e0f1f-9cab-4446-a4c0-309afd006f39": {
      "position": {
        "x": 9,
        "y": 9,
        "z": 9
      },
      "rotation": {
        "x": -0.27984814233312133,
        "y": 0.3647051996310009,
        "z": 0.11591689595929514,
        "w": 0.8804762392171493
      },
      "viewCenter": {
        "x": 0,
        "y": 0,
        "z": 0
      }
    },
    "e971bef9-215d-4290-8fed-ef1c6ec56061": {
      "position": {
        "x": 0.9028921134715313,
        "y": -2.052592996936256,
        "z": 17.20234718030711
      },
      "rotation": {
        "x": -0.07441629066742102,
        "y": -0.3117262544527052,
        "z": -0.024497431738825393,
        "w": 0.9469364710282577
      },
      "viewCenter": {
        "x": 6.129110712293347,
        "y": -3.4440090801275005,
        "z": 10.124679028626792
      }
    }
  },
  "camera-uuids": [
    "e971bef9-215d-4290-8fed-ef1c6ec56061"
  ],
  "float-window": {
    "position": {
      "cc": {
        "Camera": {
          "dock": false,
          "top": null,
          "bottom": 10,
          "left": null,
          "right": 10
        }
      }
    }
  },
  "camera": {
    "fov": 45,
    "far": 10000,
    "near": 0.01,
    "color": [
      48,
      48,
      48,
      255
    ],
    "wheelSpeed": 0.01,
    "wanderSpeed": 10,
    "enableAcceleration": true,
    "far2D": 10000,
    "near2D": 1,
    "wheelSpeed2D": 6
  }
}
